token,route_tail_ge_4m,route_builder_stop_reason,endpoint_extrapolation_used
025b657634505df3,True,no_outgoing_edge,True
44062179c5b350bc,True,no_outgoing_edge,True
74a8e53c9a6f50a3,True,no_outgoing_edge,True
87751a071a7e50a4,True,no_outgoing_edge,True
16a40c5db95c5467,True,no_outgoing_edge,True
317f5b44a4615e30,True,no_outgoing_edge,True
63266bfd8e1f5f15,True,no_outgoing_edge,True
6507522e38405857,True,no_outgoing_edge,True
013fbdcd9db35b43,True,no_outgoing_edge,True
0c86ab0f851559e8,True,no_outgoing_edge,True
13bae3f5ab31581d,True,no_outgoing_edge,True
1ad3e9d726b35d0e,True,no_outgoing_edge,True
604f30d83d8652ae,True,no_outgoing_edge,True
778dc72ff2ec5e94,True,no_outgoing_edge,True
980f649f5cef5434,True,no_outgoing_edge,True
ffb972d89b065422,True,no_outgoing_edge,True
0c3c4cd553475d3a,True,no_outgoing_edge,True
b04b5637f4e05625,True,no_outgoing_edge,True
e35a803202875fa0,True,no_outgoing_edge,True
0393e11b085a5cc2,True,no_outgoing_edge,True
19a595ad0fe35941,True,no_outgoing_edge,True
33c05d622bbe59a8,True,no_outgoing_edge,True
57e7565904e05728,True,no_outgoing_edge,True
60991b5c52d85113,True,no_outgoing_edge,True
60b3c9715d995c1d,True,no_outgoing_edge,True
869f688594fc58c1,True,no_outgoing_edge,True
b3b8a7989ba5519f,True,no_outgoing_edge,True
c778933c0b8f5093,True,no_outgoing_edge,True
0c8b9f08bfa25dc2,True,no_outgoing_edge,True
436da44562c95ac0,True,no_outgoing_edge,True
6b678e4f19c05dea,True,no_outgoing_edge,True
bdfdf52ac60755a9,True,no_outgoing_edge,True
f3521da962a75e3d,True,no_outgoing_edge,True
3ff5c9a5bd155bb2,True,no_outgoing_edge,True
a0c45624aa5251db,True,no_outgoing_edge,True
f79916e26eef5b74,True,no_outgoing_edge,True
01d3726e5bc2576b,True,no_outgoing_edge,True
6083bfcb495d5f9a,True,no_outgoing_edge,True
e058b97f439c51c7,True,no_outgoing_edge,True
ffd429cac51751d9,True,no_outgoing_edge,True
27a8d6913e5b557b,True,no_outgoing_edge,True
9dff2b84ff305fff,True,no_outgoing_edge,True
b5754d53017b5d49,True,no_outgoing_edge,True
1ecaacbc53a754e7,True,no_outgoing_edge,True
ad84af7b33615884,True,no_outgoing_edge,True
c0e6947e2b455ff7,True,no_outgoing_edge,True
46deeff0d0495df6,True,no_outgoing_edge,True
cecce24905cb5641,True,no_outgoing_edge,True
2b04c510144e5545,True,no_outgoing_edge,True
4d31d76919495557,True,no_outgoing_edge,True
5594163f2d8751f6,True,no_outgoing_edge,True
6bd234c45e885cb2,True,no_outgoing_edge,True
819d4bdcb0855118,True,no_outgoing_edge,True
8317ed430d8e50c3,True,no_outgoing_edge,True
87b468bcdad158c2,True,no_outgoing_edge,True
891fe2fc30c95109,True,no_outgoing_edge,True
8d21608fa8c354f1,True,no_outgoing_edge,True
919ee41f5fa65358,True,no_outgoing_edge,True
fc7b8441f81b5296,True,no_outgoing_edge,True
22a3a112a0485c4c,True,no_outgoing_edge,True
41785a426b555ab9,True,no_outgoing_edge,True
49e3bfda06d45f7e,True,no_outgoing_edge,True
4d5c4013a6db5819,True,no_outgoing_edge,True
94625815a7b351b5,True,no_outgoing_edge,True
b9400f20792f5936,True,no_outgoing_edge,True
c8b9b19008605f76,True,no_outgoing_edge,True
fc09376fd45c509a,True,no_outgoing_edge,True
0481cf2b75f1532f,True,no_outgoing_edge,True
177abd8780ad5476,True,no_outgoing_edge,True
245bcbae35595474,True,no_outgoing_edge,True
3b10bf025bd65e4b,True,no_outgoing_edge,True
3f0c448b71005686,True,no_outgoing_edge,True
4bbfb5ec60205e63,True,no_outgoing_edge,True
56b0ed5018c25d3f,True,no_outgoing_edge,True
66d152defe7b59e2,True,no_outgoing_edge,True
72d6e0ab829553ed,True,no_outgoing_edge,True
794584aa724a55f4,True,no_outgoing_edge,True
86ecfd85bd095b7f,True,no_outgoing_edge,True
87dc5db673bd5b2b,True,no_outgoing_edge,True
a5977f7fb4fd5386,True,no_outgoing_edge,True
a6c229d05cdb5016,True,no_outgoing_edge,True
b31417a335cf5955,True,no_outgoing_edge,True
d9fac9fdd2bd5036,True,no_outgoing_edge,True
eb9827bfdf925815,True,no_outgoing_edge,True
fe6105aa925d5621,True,no_outgoing_edge,True
fe746b45992f5a69,True,no_outgoing_edge,True
0777f5a7263758be,True,no_outgoing_edge,True
09a0456056555b0a,True,no_outgoing_edge,True
1139adeebbbe5d34,True,no_outgoing_edge,True
2360cd7b0fd85480,True,no_outgoing_edge,True
396a8c19c4ac58f3,True,no_outgoing_edge,True
4f50d7c22352505e,True,no_outgoing_edge,True
54bf100910bc5b10,True,no_outgoing_edge,True
6b7e5348100b5572,True,no_outgoing_edge,True
81e5ddc060675e0b,True,no_outgoing_edge,True
bcdaa4a47f925ebb,True,no_outgoing_edge,True
f72d2f080fe35910,True,no_outgoing_edge,True
237b75204e495145,True,no_outgoing_edge,True
71af26e14ba65545,True,no_outgoing_edge,True
87c6ef5053865368,True,no_outgoing_edge,True
8e7906efc10a5e42,True,no_outgoing_edge,True
e2ae05340dba502d,True,no_outgoing_edge,True
faa12c2adc7c521f,True,no_outgoing_edge,True
0ee2bbd11d4451c3,True,no_outgoing_edge,True
455f894b6e3b58ab,True,no_outgoing_edge,True
59504d2ffda35a72,True,no_outgoing_edge,True
936c2cf5b8345663,True,no_outgoing_edge,True
a28e9a19b6a05733,True,no_outgoing_edge,True
c056dcf1096258a4,True,no_outgoing_edge,True
e90d6c211deb5f05,True,no_outgoing_edge,True
72781f1cbd405769,True,no_outgoing_edge,True
79e582695923514a,True,no_outgoing_edge,True
b868adf3ec2e56a5,True,no_outgoing_edge,True
c4e83619721455b0,True,no_outgoing_edge,True
da9ee145e2b05480,True,no_outgoing_edge,True
ea7d8f38a0a05149,True,no_outgoing_edge,True
d1e6f085af9b5199,True,no_outgoing_edge,True
de664d2cb249576d,True,no_outgoing_edge,True
