token,log_name,score_route,valid_route,score_human,valid_human,valid_trajectory,finite_pose_count,ego_speed_mps,route_points_seen,route_roadblocks_seen,proposal_end_displacement_m,proposal_path_length_m,proposal_max_step_m,proposal_max_abs_curvature_proxy,mean_lateral_distance_to_route_m,max_lateral_distance_to_route_m,endpoint_distance_to_route_m,mean_heading_error_to_route_deg,max_heading_error_to_route_deg,forward_arc_progress_m,route_continuity_max_gap_m,actor_inputs_seen,logged_future_accessed,stock_score,twosided_score,fallback_score,high574_flag,visual_stratum,route_heading_change_0_60m_deg,input_boundary_verdict,error,route_tail_ge_4m
025b657634505df3,2021.05.25.14.16.10_veh-35_01100_01664,0.8571428571428571,True,0.8571428571428571,True,True,8,11.077367571681595,104,22,51.216271713970514,46.0406155338538,7.00255877235226,0.0214432989131116,8.020885873103111,26.43379007611373,26.43379007611373,0.0359997911636743,0.115425785500464,19.611424488697622,0.250976114934322,0,0,0.8571428571428571,0.0,0.0,0,,17.41282053157513,PASS,,True
44062179c5b350bc,2021.05.25.14.16.10_veh-35_01100_01664,0.8571428571428571,True,0.8571428571428571,True,True,8,10.13988026531441,167,22,47.64148625045166,44.01483825767834,6.820609231487298,0.0214437209296133,1.0799426391785183,7.730074470080007,7.730074470080007,0.0559239832507525,0.1865419053131867,36.30210295264513,0.7561583519931685,0,0,0.8571428571428571,0.0,0.0,0,,36.74986385448021,PASS,,True
74a8e53c9a6f50a3,2021.05.25.14.16.10_veh-35_01100_01664,0.8571428571428571,True,0.8571428571428571,True,True,8,10.504655915441765,147,22,49.01571406328526,44.824389323626825,6.894849360988581,0.0214443905771604,2.6429054409288235,13.900517757480946,13.900517757480946,0.0647352467356014,0.2769022805224775,30.937053465386136,0.5615999912200345,0,0,0.8571428571428571,0.0,0.0,0,,30.611120028041835,PASS,,True
87751a071a7e50a4,2021.05.25.14.16.10_veh-35_01100_01664,0.8571428571428571,True,0.8571428571428571,True,True,8,10.846611032326043,126,22,50.26001449963695,45.55806331825755,6.960430502245712,0.0214439221519714,4.981329821615658,20.205741822775607,20.205741822775607,0.0842341726235623,0.3037303167768317,25.36125520197693,0.3944422494836986,0,0,0.8571428571428571,0.0,0.0,0,,24.165439032576085,PASS,,True
16a40c5db95c5467,2021.05.25.14.16.10_veh-35_02482_02649,0.8571428571428571,True,0.8571428571428571,True,True,8,11.44103381935064,32,22,51.80139049678966,46.77593687167225,7.065586847173232,0.0021791046891405,21.168136666196183,44.81857095775908,44.81857095775908,0.0138416681255532,0.1107333369673423,1.9574159357005687,0.4708709784120787,0,0,0.8571428571428571,0.0,0.0,0,,1.986865380959231,PASS,,True
317f5b44a4615e30,2021.05.25.14.16.10_veh-35_02482_02649,0.8571428571428571,True,0.8571428571428571,True,True,8,10.450724373395838,118,22,48.94830611487191,44.71181994097659,6.88415745745625,0.0214420236738867,5.227028472632132,20.64694168617932,20.64694168617932,0.0411249867473213,0.1434996336513852,24.073325761796355,0.9227361364386972,0,0,0.8571428571428571,0.8571428571428571,0.8571428571428571,0,,21.70994123063107,PASS,,True
63266bfd8e1f5f15,2021.05.25.14.16.10_veh-35_02482_02649,0.25,True,0.8571428571428571,True,True,8,9.744258508839453,157,22,46.30752377751281,43.11143609820493,6.734934098161249,0.0214429954572168,1.2761763432450812,8.472171893657313,8.472171893657313,0.1040364550233982,0.2796499577773459,34.65481077282898,1.42257665725658,0,0,0.25,0.0,0.0,0,,33.680492106285136,PASS,,True
6507522e38405857,2021.05.25.14.16.10_veh-35_02482_02649,0.8571428571428571,True,0.8571428571428571,True,True,8,10.188198133010632,138,22,47.83838863284654,44.12806597067201,6.830703795092484,0.0214426574009167,2.9411696230469038,14.628129219987992,14.628129219987992,0.0699036633502881,0.2846821575771947,29.512346673140375,1.2390493270035716,0,0,0.8571428571428571,0.0,0.0,0,,27.848685800860427,PASS,,True
013fbdcd9db35b43,2021.05.25.14.24.08_veh-25_04059_04203,0.8571428571428571,True,0.8571428571428571,True,True,8,3.865920570665422,68,38,24.89059381956873,26.25617962731637,4.790430882438302,0.0923767628569773,2.2070224734465507,10.56648963937879,10.56648963937879,0.1843894749308248,0.8106883519421393,15.715039772821802,1.7342961396397352,0,0,0.8571428571428571,0.5,0.5,0,,48.41081412647779,PASS,,True
0c86ab0f851559e8,2021.05.25.14.24.08_veh-25_04059_04203,0.8571428571428571,True,0.8571428571428571,True,True,8,3.757000358599646,39,38,27.195865270008923,25.84423449158434,4.743563705154959,0.1701597754035944,4.97452272180642,16.731258737185648,16.731258737185648,9.86037001065507,78.64047644536839,9.191863807672648,2.349447905635913,0,0,0.8571428571428571,0.8571428571428571,0.8571428571428571,0,,27.487204350060303,PASS,,True
13bae3f5ab31581d,2021.05.25.14.24.08_veh-25_04059_04203,0.8571428571428571,True,0.0,True,True,8,3.840625830293831,45,38,27.569369163280214,26.02956395997455,4.779574602875788,0.1031431066649187,4.287555539929935,15.412817599428973,15.412817599428973,8.899101347693346,68.96746915110845,10.785577527490338,2.5506338880536026,0,0,0.8571428571428571,0.8571428571428571,0.8571428571428571,0,,28.54170797762166,PASS,,True
1ad3e9d726b35d0e,2021.05.25.14.24.08_veh-25_04059_04203,0.8571428571428571,True,0.8571428571428571,True,True,8,3.850448096662752,25,38,25.984572967595398,26.230684671506538,4.783792550299802,4.902888859096631e-09,7.434671347668766,20.748721552358223,20.748721552358223,3.196464770146602e-07,4.109002611859509e-07,5.481963119148304,2.1364322078689924,0,0,0.8571428571428571,0.0,0.0,0,,12.55217989818523,PASS,,True
604f30d83d8652ae,2021.05.25.14.24.08_veh-25_04059_04203,0.8571428571428571,True,0.8571428571428571,True,True,8,3.625539871784469,85,38,23.757335304984707,25.45241668285914,4.686595243826612,0.0924313830217901,0.9406102844789006,6.105738578723559,6.105738578723559,0.4405343590000343,1.0500184217344322,19.38336448913002,1.0328713290739615,0,0,0.8571428571428571,0.0,0.0,0,,67.23521090979274,PASS,,True
778dc72ff2ec5e94,2021.05.25.14.24.08_veh-25_04059_04203,0.8571428571428571,True,0.8571428571428571,True,True,8,3.5705662955110538,93,38,23.20017200823265,25.25960912052105,4.662644237761328,0.0813885351430399,0.5101235507182367,4.080987469784422,4.080987469784422,0.39077598223665,1.3123525951163164,21.226163543176447,0.8482906350394133,0,0,0.8571428571428571,0.0,0.0,0,,76.0937505621983,PASS,,True
980f649f5cef5434,2021.05.25.14.24.08_veh-25_04059_04203,0.0,True,0.8571428571428571,True,True,8,3.954371964595545,17,38,26.85659725990103,26.5717608774878,4.828262647894013,5.474829605576881e-09,9.44088152420228,23.54055215795254,23.54055215795254,1.347009753420808e-07,2.79251810477186e-07,3.031208719535254,1.7374566793781616,0,0,0.0,0.0,0.0,0,,10.199862142157173,PASS,,True
ffb972d89b065422,2021.05.25.14.24.08_veh-25_04059_04203,0.25,True,0.8571428571428571,True,True,8,3.7582100000753833,77,38,24.365030487526276,25.89217769604528,4.744085140076552,0.0838123504432721,1.483100282996922,8.30444351352293,8.30444351352293,0.2768727733963694,1.3143185002598228,17.622665201338847,1.33827812111611,0,0,0.25,0.0,0.0,0,,58.37667108984561,PASS,,True
0c3c4cd553475d3a,2021.06.03.12.02.06_veh-35_03526_03712,0.5,True,0.8571428571428571,True,True,8,9.002132847199695,113,23,45.05296339997595,41.335159342929,6.559181957072338,0.021439121868354,4.420900516297188,18.28873183172903,18.28873183172903,0.0856127854484876,0.3048501951635156,23.05236100715324,0.4671871630842228,0,0,0.5,0.8571428571428571,0.8571428571428571,0,,20.175255322825368,PASS,,True
b04b5637f4e05625,2021.06.03.12.02.06_veh-35_03526_03712,0.8571428571428571,True,0.8571428571428571,True,True,8,8.69211168915299,147,23,43.90751875975,40.55044312942567,6.479784010605452,0.0214410915420977,1.3605951322953382,8.682271993752211,8.682271993752211,0.0525164704794351,0.1939155256733227,31.87942376949703,0.64561233988019,0,0,0.8571428571428571,0.8571428571428571,0.8571428571428571,0,,30.611120028041864,PASS,,True
e35a803202875fa0,2021.06.03.12.02.06_veh-35_03526_03712,0.8571428571428571,True,0.25,True,True,8,8.848517496295997,130,23,44.66552991739378,40.948362692151065,6.520288134053449,0.0214401064127568,2.680213317045482,13.606205213915167,13.606205213915167,0.0712009480183555,0.3007014946890787,27.35111809683772,0.4423781351567177,0,0,0.8571428571428571,0.8571428571428571,0.8571428571428571,0,,25.393187401975272,PASS,,True
0393e11b085a5cc2,2021.06.03.17.06.58_veh-35_02943_03220,0.8571428571428571,True,0.8571428571428571,True,True,8,8.006871542633661,131,22,41.81146360958213,38.76394004758751,6.291492163910724,0.0214398485931033,1.8999297058028124,10.745464600832197,10.745464600832197,0.0771289564186825,0.1678117853062888,28.02591100326375,0.4613128276746094,0,0,0.8571428571428571,0.8571428571428571,0.8571428571428571,0,,25.70012513843773,PASS,,True
19a595ad0fe35941,2021.06.03.13.55.17_veh-35_02866_03582,0.8571428571428571,True,0.8571428571428571,True,True,8,8.471049066845014,147,22,42.72278720784524,39.982211197021854,6.4209743942310045,0.021440654609054,0.9988362322427314,7.20583174487689,7.20583174487689,0.0898844960591326,0.2729590873318018,32.78835506792215,1.4481525223265008,0,0,0.8571428571428571,0.8571428571428571,0.8571428571428571,0,,30.611120028041864,PASS,,True
33c05d622bbe59a8,2021.06.03.13.55.17_veh-35_02866_03582,0.0,True,0.0,True,True,8,8.870607128081664,114,22,44.36783727694278,41.00700593518916,6.525935142775482,0.0214401533050643,3.953165691962415,17.006651446355473,17.006651446355473,0.0913532431459955,0.2882984360669676,24.00615360870022,1.1079985348417667,0,0,0.0,0.8571428571428571,0.8571428571428571,0,,20.482192707818363,PASS,,True
57e7565904e05728,2021.06.03.17.06.58_veh-35_02943_03220,0.8571428571428571,True,0.8571428571428571,True,True,8,8.309128726729002,115,22,42.731578478616335,39.56702487553803,6.376737089219316,0.0214390989021357,3.478008146286629,15.58382411814432,15.58382411814432,0.0913155228848849,0.3007277704938559,23.988564663201757,0.570226173244705,0,0,0.8571428571428571,0.8571428571428571,0.8571428571428571,0,,20.789129653625174,PASS,,True
60991b5c52d85113,2021.06.03.17.06.58_veh-35_02943_03220,0.8571428571428571,True,0.8571428571428571,True,True,8,9.243424383583172,62,22,46.08626020082245,41.9335428345869,6.61852056996875,0.0061719661571359,11.892006069691684,31.77629009642253,31.77629009642253,0.0014580954960829,0.0116644412162284,10.157914772411528,0.4379422564035246,0,0,0.8571428571428571,0.8571428571428571,0.8571428571428571,0,,7.004352677640919,PASS,,True
60b3c9715d995c1d,2021.06.03.17.06.58_veh-35_02943_03220,0.25,True,0.8571428571428571,True,True,8,7.769079148857844,146,22,41.21438424402365,38.11880810108467,6.221996129059646,0.0214394202856415,0.8259204806206769,6.414679668686461,6.414679668686461,0.0831698650501472,0.2434929128880986,31.714264591724216,0.2842335223189186,0,0,0.25,0.8571428571428571,0.8571428571428571,0,,30.304182534178988,PASS,,True
869f688594fc58c1,2021.06.03.13.55.17_veh-35_02866_03582,0.8571428571428571,True,0.8571428571428571,True,True,8,8.649063930268383,131,22,43.38124272182163,40.44319863961249,6.4684765027500575,0.0214410148007545,2.154606512207302,11.852663869369811,11.852663869369811,0.0644414194920614,0.1628276815004265,28.599281484067404,1.3447728615704386,0,0,0.8571428571428571,0.8571428571428571,0.8571428571428571,0,,25.700125138437755,PASS,,True
b3b8a7989ba5519f,2021.06.03.17.06.58_veh-35_02943_03220,0.8571428571428571,True,0.8571428571428571,True,True,8,8.618182159917552,98,22,43.78830735740698,40.36943398604541,6.460322203669351,0.0214383810353398,5.626102968641749,20.74467453192467,20.74467453192467,0.0491746087138995,0.3037919679635585,19.628310330513408,0.6089398290788947,0,0,0.8571428571428571,0.8571428571428571,0.8571428571428571,0,,15.57119723840593,PASS,,True
c778933c0b8f5093,2021.06.03.17.06.58_veh-35_02943_03220,0.8571428571428571,True,0.8571428571428571,True,True,8,8.912212825493992,80,22,45.008361970907785,41.11559538782996,6.53652007053564,0.0099237012856966,8.459751301078626,26.221375726919927,26.221375726919927,0.0053416870087925,0.021916883663957,14.895654789883489,0.5174256814780599,0,0,0.8571428571428571,0.8571428571428571,0.8571428571428571,0,,10.13865956720129,PASS,,True
0c8b9f08bfa25dc2,2021.06.28.15.02.02_veh-38_02398_02848,0.8571428571428571,True,0.8571428571428571,True,True,8,9.259552008803364,129,23,45.62733655544336,41.96434541731005,6.622409110179723,0.0214409138051897,3.12409281329602,14.896822974650672,14.896822974650672,0.0477644939360049,0.1583607053572796,27.076597254661344,0.6143302378447267,0,0,0.8571428571428571,0.8571428571428571,0.8571428571428571,0,,25.08625038915557,PASS,,True
436da44562c95ac0,2021.06.28.15.02.02_veh-38_02398_02848,0.8571428571428571,True,0.8571428571428571,True,True,8,8.956847348098425,146,23,44.69762057346718,41.21768169018293,6.547805593612086,0.021441548545031,1.6248063581852574,9.773127498203207,9.773127498203207,0.109217761749514,0.2898119061361337,31.455327646389375,0.598492292473605,0,0,0.8571428571428571,0.8571428571428571,0.8571428571428571,0,,30.304182534179013,PASS,,True
6b678e4f19c05dea,2021.06.28.15.02.02_veh-38_02398_02848,0.8571428571428571,True,0.8571428571428571,True,True,8,10.075285480563815,91,23,48.64415954540123,43.88321282361228,6.806993420095911,0.0164189529106671,8.588172972846653,27.050791320930458,27.050791320930458,0.0177541181415714,0.0942532752968972,16.835837383424177,0.2595493829632941,0,0,0.8571428571428571,0.8571428571428571,0.8571428571428571,0,,13.422637132973648,PASS,,True
bdfdf52ac60755a9,2021.06.28.15.02.02_veh-38_02398_02848,0.8571428571428571,True,0.8571428571428571,True,True,8,9.628855327196684,111,23,46.83036490656052,42.850151710134895,6.70890897520957,0.0214403339104691,5.312077663413684,20.525237896448164,20.525237896448164,0.022318354977377,0.0995441759823015,22.33152153444153,0.5446801632335828,0,0,0.8571428571428571,0.8571428571428571,0.8571428571428571,0,,19.561381068514816,PASS,,True
f3521da962a75e3d,2021.06.28.15.02.02_veh-38_02398_02848,0.8571428571428571,True,0.8571428571428571,True,True,8,8.661813331620293,163,23,43.52904244744305,40.47160205815683,6.471787284195677,0.0214422460607412,0.5771459688492313,4.617166251634237,4.617166251634237,0.0828055351823486,0.2574733467335545,35.867322570318166,0.6189531512720388,0,0,0.8571428571428571,0.8571428571428571,0.8571428571428571,0,,35.52211487822274,PASS,,True
3ff5c9a5bd155bb2,2021.06.28.16.29.11_veh-38_03263_03766,0.0,True,0.8571428571428571,True,True,8,8.988865224607068,137,23,44.422894636660736,41.2986529774638,6.555859066424806,0.0214416149533877,2.0737352631926327,11.572870031587208,11.572870031587208,0.1150063259845598,0.2875554279705359,29.735267792277103,1.1437534509494238,0,0,0.0,0.0,0.0,0,,27.54174795662126,PASS,,True
a0c45624aa5251db,2021.06.28.16.29.11_veh-38_03263_03766,0.8571428571428571,True,0.8571428571428571,True,True,8,8.69422722677401,153,23,43.57428951006447,40.55418580536907,6.480338709046016,0.0214410922981602,0.8718932303608298,6.727741849776139,6.727741849776139,0.0804510663293677,0.2464686858163528,33.83933929152177,1.1065461684056888,0,0,0.8571428571428571,0.0,0.0,0,,32.452743032935025,PASS,,True
f79916e26eef5b74,2021.06.28.16.29.11_veh-38_03263_03766,0.8571428571428571,True,0.8571428571428571,True,True,8,9.267816518017238,119,23,45.713139382648194,41.98689935890333,6.62439839302991,0.0214408942788031,3.944590655188674,17.086903191178497,17.086903191178497,0.0314553345556331,0.0893887466929875,24.906592372838183,0.9482600343734372,0,0,0.8571428571428571,0.0,0.0,0,,22.016878413221125,PASS,,True
01d3726e5bc2576b,2021.06.28.18.03.27_veh-14_00620_01581,0.5,True,0.8571428571428571,True,True,8,6.861470944917324,3,31,27.604276457319084,34.12826583590692,5.937040683219854,0.0746365941231174,2.6603043475529207,12.947477447535062,12.947477447535062,93.85711680342656,176.34740977380594,22.634418023329,26.20855333161024,0,0,0.5,0.0,0.0,0,,112.07724173321496,PASS,,True
6083bfcb495d5f9a,2021.06.28.18.03.27_veh-14_00620_01581,0.8571428571428571,True,0.8571428571428571,True,True,8,7.001699505481753,3,31,25.543291220448864,35.166093522484594,5.983094036990101,0.0837518361148954,3.857680773432336,16.08561160362618,16.08561160362618,116.89065543726294,175.8478003610199,15.98415084942659,23.37416234993748,0,0,0.8571428571428571,0.0,0.0,0,,112.1638626469549,PASS,,True
e058b97f439c51c7,2021.06.28.18.03.27_veh-14_00620_01581,0.8571428571428571,True,0.8571428571428571,True,True,8,6.129102122187305,3,31,32.027214268998925,32.77082726599451,5.411356307043157,0.0613792093577103,0.5998682791324365,4.798944329849497,4.798944329849497,124.99048276436392,178.948238395018,28.62525137406064,31.83916759972056,0,0,0.8571428571428571,0.0,0.0,0,,111.97098746153016,PASS,,True
ffd429cac51751d9,2021.06.28.18.03.27_veh-14_00620_01581,0.8571428571428571,True,0.8571428571428571,True,True,8,6.552047244505042,3,31,29.746015846232023,32.98854855104928,5.83283518747217,0.0672354590543234,1.5285394218721773,9.030574829940171,9.030574829940171,109.37855395938024,177.5014002381641,25.65029743082046,29.072488235078,0,0,0.8571428571428571,0.0,0.0,0,,111.99615531093336,PASS,,True
27a8d6913e5b557b,2021.06.28.20.24.43_veh-38_03385_04952,0.8571428571428571,True,0.8571428571428571,True,True,8,8.981149991651957,117,24,45.06193891501402,41.28302374391488,6.553921049378604,0.021440358328212,4.029425267320513,17.23929051305522,17.23929051305522,0.0930554756388396,0.2964910611387842,24.049663146754224,0.4544509215639892,0,0,0.8571428571428571,0.0,0.0,0,,21.40300436608664,PASS,,True
9dff2b84ff305fff,2021.06.28.20.24.43_veh-38_03385_04952,0.8571428571428571,True,0.8571428571428571,True,True,8,8.791302235793145,134,24,44.34656537760216,40.80404856877042,6.505578438356728,0.0214400082075728,2.281101952028381,12.377196492780042,12.377196492780042,0.0808224972709694,0.2782316554271425,28.43597337443336,0.499790124084933,0,0,0.8571428571428571,0.0,0.0,0,,26.620936489457044,PASS,,True
b5754d53017b5d49,2021.06.28.20.24.43_veh-38_03385_04952,0.8571428571428571,True,0.8571428571428571,True,True,8,8.58524249391559,151,24,43.373697567304944,40.27634352870146,6.45158603689875,0.0214408562230031,1.0465537855893918,7.4120079056915715,7.4120079056915715,0.0899888706433665,0.2898533448814227,32.87654913989459,0.5913457860836508,0,0,0.8571428571428571,0.0,0.0,0,,31.83886886401715,PASS,,True
1ecaacbc53a754e7,2021.06.28.20.24.43_veh-38_03385_04952,0.8571428571428571,True,0.0,True,True,8,9.314175769141766,116,23,45.43424560383372,42.09934509088347,6.635515918260824,0.0214410087164834,4.083732878705895,17.46960873027646,17.46960873027646,0.0458586125815864,0.1432285339328763,24.63624408384059,1.4499887467542651,0,0,0.8571428571428571,0.8571428571428571,0.8571428571428571,0,,21.096066995621094,PASS,,True
ad84af7b33615884,2021.06.28.20.24.43_veh-38_03385_04952,0.8571428571428571,True,0.8571428571428571,True,True,8,9.143557207092242,133,23,44.85883898674007,41.68029969661188,6.594222516498915,0.0214406488491103,2.3273275635310986,12.606420864001889,12.606420864001889,0.0287264717079617,0.0968012274433135,29.083747952077672,1.566162410043034,0,0,0.8571428571428571,0.8571428571428571,0.8571428571428571,0,,26.31399941150833,PASS,,True
c0e6947e2b455ff7,2021.06.28.20.24.43_veh-38_03385_04952,0.8571428571428571,True,0.8571428571428571,True,True,8,8.9480526307237,150,23,44.10520697663277,41.193297542544535,6.545589068165034,0.0214415243653818,1.1252362686447968,7.773739052417362,7.773739052417362,0.0814690616694529,0.2821298897145288,33.432792990849414,1.5717484282835754,0,0,0.8571428571428571,0.0,0.0,0,,31.805498522329128,PASS,,True
46deeff0d0495df6,2021.08.30.16.16.44_veh-40_00779_01088,0.8571428571428571,True,0.8571428571428571,True,True,8,3.695717845072165,90,24,26.95346787458129,25.720981784961587,4.717061929475818,0.0010000030821679,0.6624805211126426,5.008452772716688,5.008452772716688,0.001917044808221,0.0070132742750261,20.712537244853007,0.9670862031780384,0,0,0.8571428571428571,0.8571428571428571,0.8571428571428571,0,,13.92562604137246,PASS,,True
cecce24905cb5641,2021.08.30.16.16.44_veh-40_00779_01088,0.8571428571428571,True,0.8571428571428571,True,True,8,4.212521602288951,82,24,28.541715526620827,27.41441161773572,4.937471770961042,0.0010000034711193,1.5115822793751952,8.515064743102082,8.515064743102082,0.0038529777344123,0.012181870913551,18.89935402559306,1.411354174735709,0,0,0.8571428571428571,0.8571428571428571,0.8571428571428571,0,,13.039799239457114,PASS,,True
2b04c510144e5545,2021.09.09.18.29.25_veh-39_00569_00903,0.8571428571428571,True,0.8571428571428571,True,True,8,3.1336110633525203,39,21,24.51266069206037,23.85192980723281,4.46970595595687,0.0029646795388957,4.824364910708685,15.967472727809676,15.967472727809676,0.0105009888285899,0.0352730322682879,7.884479134089046,0.797845698751209,0,0,0.8571428571428571,0.0,0.0,0,,1.536491940034079,PASS,,True
4d31d76919495557,2021.09.09.18.29.25_veh-39_00569_00903,0.8571428571428571,True,0.0,True,True,8,3.799262252068757,45,21,27.40334993975952,26.062289417995512,4.76178557914653,0.0029646823055447,5.202990630136448,17.17780104720304,17.17780104720304,0.0049598910622687,0.024325686778293,8.88451704944242,0.6298801053647177,0,0,0.8571428571428571,0.0,0.0,0,,1.6164106337218858,PASS,,True
5594163f2d8751f6,2021.09.09.18.29.25_veh-39_00969_01184,0.8571428571428571,True,0.8571428571428571,True,True,8,4.58375320286346,43,32,30.432646896160417,28.61367362716856,5.091232556785323,0.0110787960016253,6.790427264808884,20.40589474000211,20.40589474000211,0.0276764157939397,0.1431954946827418,8.208086510142635,0.720645904379305,0,0,0.8571428571428571,0.8571428571428571,0.8571428571428571,0,,25.459069770821703,PASS,,True
6bd234c45e885cb2,2021.09.09.18.29.25_veh-39_00569_00903,0.8571428571428571,True,0.8571428571428571,True,True,8,2.404676930865856,33,21,21.91747080258335,21.39325490273915,4.138659303140608,0.0029646795607949,4.446462913185413,14.682871573017271,14.682871573017271,0.003807811389946,0.0158522115730001,6.71039753738904,0.7597635754335391,0,0,0.8571428571428571,0.0,0.0,0,,1.383020733081085,PASS,,True
819d4bdcb0855118,2021.09.09.18.29.25_veh-39_00569_00903,0.8571428571428571,True,0.8571428571428571,True,True,8,4.294707147766529,70,21,29.32681530814776,27.681200945289376,4.971852688292299,0.0029646858288347,3.010184618292678,12.89251967240224,12.89251967240224,0.0153329332840828,0.0405937927134351,14.788743314975145,0.5308523976971469,0,0,0.8571428571428571,0.0,0.0,0,,2.382691489607956,PASS,,True
8317ed430d8e50c3,2021.09.09.18.29.25_veh-39_00969_01184,0.8571428571428571,True,0.8571428571428571,True,True,8,2.6453834139398635,58,32,22.574916047680563,22.208709007899305,4.249145238740373,0.0110787126012181,1.915535815110445,9.241395566340088,9.241395566340088,0.016678748048048,0.1246323988920772,12.967629543055684,0.763911321041675,0,0,0.8571428571428571,0.0,0.0,0,,18.61575568594035,PASS,,True
87b468bcdad158c2,2021.09.09.18.29.25_veh-39_00569_00903,0.8571428571428571,True,0.8571428571428571,True,True,8,0.557952036564501,28,21,14.430996733642344,14.757295198880025,3.26149477135472,0.0029646755071984,2.0314800482502147,8.556549074113606,8.556549074113606,14.850511134329718,118.73986876943488,6.487705557043057,0.8639560552139134,0,0,0.8571428571428571,0.0,0.0,0,,1.0895720350668068,PASS,,True
891fe2fc30c95109,2021.09.09.18.29.25_veh-39_00569_00903,0.8571428571428571,True,0.8571428571428571,True,True,8,1.4671872802084795,30,21,17.962151025296986,18.186818669756967,3.699025414419063,0.0029646774233393,3.2263346790748835,11.639567657405449,11.639567657405449,0.0120817778572469,0.0391474464770896,6.547259690013097,0.8780942444819538,0,0,0.8571428571428571,0.0,0.0,0,,1.2021258908893018,PASS,,True
8d21608fa8c354f1,2021.09.09.18.29.25_veh-39_00569_00903,0.8571428571428571,True,0.8571428571428571,True,True,8,3.6232050148806487,78,21,26.799909523663555,25.48130859221936,4.685578419332374,0.0029646902846812,1.5061917459889187,8.367556145036753,8.367556145036753,0.0178344419039643,0.0376288908378025,17.113823081663817,0.5214246048860728,0,0,0.8571428571428571,0.0,0.0,0,,3.044949825809488,PASS,,True
919ee41f5fa65358,2021.09.09.18.29.25_veh-39_00569_00903,0.8571428571428571,True,0.8571428571428571,True,True,8,4.3278524228450514,62,21,29.1800598065848,27.78863243509167,4.985664545849311,0.0029646862898359,3.8681322563075167,14.892377828829389,14.892377828829389,0.0090294091262453,0.0331533730193688,12.896302489278234,0.6549054032139167,0,0,0.8571428571428571,0.0,0.0,0,,1.918517421483337,PASS,,True
fc7b8441f81b5296,2021.09.09.18.29.25_veh-39_00569_00903,0.8571428571428571,True,0.8571428571428571,True,True,8,4.210179667355142,53,21,28.963420364225744,27.406767038076303,4.936488411444066,0.0029646855438779,4.843025713819283,16.76605704147592,16.76605704147592,0.0127740402556902,0.0399643729304001,10.64074607855769,0.5907839475491763,0,0,0.8571428571428571,0.0,0.0,0,,1.696844811931755,PASS,,True
22a3a112a0485c4c,2021.09.16.14.39.34_veh-42_01111_01448,0.8571428571428571,True,0.8571428571428571,True,True,8,2.4661185913536783,74,15,22.319552067227445,21.601827218244445,4.166964239427811,1.0442572468006597e-07,0.7314454395433181,5.009263873997059,5.009263873997059,1.2925991457352478e-07,5.948927541759952e-07,16.59256334424745,0.4455492428442361,0,0,0.8571428571428571,0.0,0.0,1,,0.5324866792786209,PASS,,True
41785a426b555ab9,2021.09.16.14.39.34_veh-42_01111_01448,0.8571428571428571,True,0.8571428571428571,True,True,8,4.1901196095374695,93,15,28.863500354232528,27.341560262273717,4.928067315827373,8.713907602920364e-08,1.0909812073124552,6.827958476240681,6.827958476240681,3.767119891094786e-08,8.222347062525777e-08,20.513601786033107,0.4765788240854752,0,0,0.8571428571428571,0.0,0.0,0,,0.8307086137662673,PASS,,True
49e3bfda06d45f7e,2021.09.16.14.39.34_veh-42_01111_01448,0.8571428571428571,True,0.8571428571428571,True,True,8,4.749103553200197,101,15,31.17657992631711,29.143324799859432,5.158412645454036,8.220492307139524e-08,1.1102408489015407,7.020169707512311,7.020169707512311,1.5927943044844813e-07,5.916164775208384e-07,22.12315509234724,0.3641394061598687,0,0,0.8571428571428571,0.0,0.0,0,,0.6071593166311909,PASS,,True
4d5c4013a6db5819,2021.09.16.14.39.34_veh-42_01111_01448,0.8571428571428571,True,0.8571428571428571,True,True,8,6.571958591972239,134,15,37.831704529523584,34.7393303899014,5.8396480973716365,0.0001458309359669,0.6864651657533367,5.491721312730991,5.491721312730991,0.0005464676953904,0.0043711969344814,29.247609101093552,0.289514476528634,0,0,0.8571428571428571,0.0,0.0,0,,0.0720298801668592,PASS,,True
94625815a7b351b5,2021.09.16.14.39.34_veh-42_01111_01448,0.8571428571428571,True,0.8571428571428571,True,True,8,6.0073602447337375,122,15,35.81578906300856,33.05731628383109,5.640905429115971,0.000196496639367,0.920861374305532,6.503898206771262,6.503898206771262,1.057537739363488e-07,4.874403350398079e-07,26.55341825943449,0.317195158523037,0,0,0.8571428571428571,0.0,0.0,0,,0.3510169237980111,PASS,,True
b9400f20792f5936,2021.09.16.14.39.34_veh-42_01111_01448,0.8571428571428571,True,0.8571428571428571,True,True,8,5.382992949015087,103,15,34.197991306519725,31.14172030302622,5.40804695535625,7.82153986887892e-08,1.2292107467184894,7.620866458040338,7.620866458040338,1.1425507854443266e-07,4.258758647369657e-07,23.520853844985982,1.5763314189350173,0,0,0.8571428571428571,0.0,0.0,0,,0.4439710460002099,PASS,,True
c8b9b19008605f76,2021.09.16.14.39.34_veh-42_01111_01448,0.0,True,0.8571428571428571,True,True,8,3.042098914373532,79,15,24.663169426623558,23.545290192323595,4.4287468412489694,9.70790060940325e-08,0.9578167219373698,6.045640300093066,6.045640300093066,8.39666372295275e-08,4.3602165605977213e-07,17.499649892230615,0.3902655293806176,0,0,0.0,0.0,0.0,0,,0.678537362564659,PASS,,True
fc09376fd45c509a,2021.09.16.14.39.34_veh-42_01111_01448,0.8571428571428571,True,0.8571428571428571,True,True,8,3.6009810525408423,85,15,26.95793847374824,25.40785147289584,4.675905264022071,9.263750020976349e-08,1.1059619016877185,6.7618002304266325,6.7618002304266325,1.669930579674488e-07,3.561125605762469e-07,18.646051242469287,0.3154967936110059,0,0,0.8571428571428571,0.0,0.0,0,,0.784883578717341,PASS,,True
0481cf2b75f1532f,2021.09.16.15.47.30_veh-45_01199_01391,0.8571428571428571,True,0.8571428571428571,True,True,8,11.065107036291806,128,9,51.05418151292447,46.020090653597,7.000364245731841,9.519872489389656e-05,5.001976554288739,20.303148677701547,20.303148677701547,0.0008808301117538,0.0070461982967941,25.71694203231027,0.4081973577010607,0,0,0.8571428571428571,0.0,0.0,0,,0.640028905577345,PASS,,True
177abd8780ad5476,2021.09.16.15.12.03_veh-42_01037_01434,0.8571428571428571,True,0.8571428571428571,True,True,8,2.0557436400338447,61,9,21.027222635068096,20.20483803367519,3.9766518778298727,1.1056411919710466e-07,1.2055347682758584,6.810465003314383,6.810465003314383,1.4601380441360198e-07,3.512647082418852e-07,13.394373030360857,0.2923131366225424,0,0,0.8571428571428571,0.0,0.0,1,,0.5881867371288813,PASS,,True
245bcbae35595474,2021.09.16.15.12.03_veh-42_01037_01434,0.8571428571428571,True,0.0,True,True,8,5.482197793028676,97,9,34.04948071262047,31.449751219078124,5.445934846926319,8.238135118363709e-08,2.042658470171054,10.79591397449162,10.79591397449162,7.181280588913373e-08,3.115314126059839e-07,20.65383724458651,0.2584457975492496,0,0,0.8571428571428571,0.0,0.0,0,,0.0257800794129581,PASS,,True
3b10bf025bd65e4b,2021.09.16.16.20.27_veh-08_02435_02525,0.8571428571428571,True,0.8571428571428571,True,True,8,8.6225130927367,159,27,43.875198576413,40.384025274085815,6.461469104774107,0.0027022579868032,0.6746749410783727,5.397399283837158,5.397399283837158,0.005674340541636,0.0447540411923219,34.98667342664194,0.7896983246818852,0,0,0.8571428571428571,0.8571428571428571,0.8571428571428571,0,,7.045451327407898,PASS,,True
3f0c448b71005686,2021.09.16.15.47.30_veh-45_01199_01391,0.8571428571428571,True,0.0,True,True,8,11.103148781285965,103,9,51.87049930709951,46.0979440275934,7.007159979005158,6.012392139425337e-08,8.0342638514471,26.468322087376905,26.468322087376905,1.2252658171567138e-07,3.312463734100662e-07,19.629621940216552,0.4388195197123616,0,0,0.8571428571428571,0.0,0.0,0,,0.7272176563499188,PASS,,True
4bbfb5ec60205e63,2021.09.16.16.20.27_veh-08_02435_02525,0.8571428571428571,True,0.8571428571428571,True,True,8,8.387302415599628,125,27,42.57167072834259,39.77667315246941,6.398220453366696,0.0001072396782483,2.2628989043648744,12.250705635908467,12.250705635908467,0.0016957912315853,0.0135654434514564,27.52596754166996,1.4755504966768582,0,0,0.8571428571428571,0.8571428571428571,0.8571428571428571,0,,3.9939419562176246,PASS,,True
56b0ed5018c25d3f,2021.09.16.15.47.30_veh-45_01199_01391,0.8571428571428571,True,0.0,True,True,8,11.155187241796018,85,9,51.06387837984857,46.203944384343366,7.016386671074421,6.21034526065211e-08,10.759803207214311,31.020302256593794,31.020302256593794,6.902089908697163e-08,1.778631824523024e-07,15.183642127749703,0.5167335639896828,0,0,0.8571428571428571,0.0,0.0,0,,0.9534828441712914,PASS,,True
66d152defe7b59e2,2021.09.16.15.12.03_veh-42_01037_01434,0.8571428571428571,True,0.8571428571428571,True,True,8,4.170221723529528,79,9,29.114408127532855,27.276802601160924,4.919701026092808,9.385873922338924e-08,2.10239709902695,10.418746407812554,10.418746407812554,1.1503502370508517e-07,3.721817660489361e-07,16.85805619334842,0.3111273494512544,0,0,0.8571428571428571,0.0,0.0,0,,0.2818652825551633,PASS,,True
72d6e0ab829553ed,2021.09.16.15.12.03_veh-42_01037_01434,0.8571428571428571,True,0.8571428571428571,True,True,8,7.2229688019129155,148,9,40.01265797667288,36.61394862728952,6.054262553305438,0.0001577022325469,0.5236773402067411,4.189418707623405,4.189418707623405,6.743729773051626e-08,1.7969103450552079e-07,32.4245301869661,0.2855969536748204,0,0,0.8571428571428571,0.0,0.0,0,,0.4035409957292093,PASS,,True
794584aa724a55f4,2021.09.16.15.12.03_veh-42_01037_01434,0.8571428571428571,True,0.0,True,True,8,3.534092079954167,72,9,26.555764187959426,25.18628367037809,4.646712306456031,1.0047880127882252e-07,1.931421548106423,9.685836515110472,9.685836515110472,1.7240680095184576e-08,6.67224903297401e-08,15.50044715526766,0.3865382868821809,0,0,0.8571428571428571,0.0,0.0,0,,0.3902216104004363,PASS,,True
86ecfd85bd095b7f,2021.09.16.15.12.03_veh-42_01037_01434,0.8571428571428571,True,0.8571428571428571,True,True,8,1.2999504364216177,58,9,17.99613537150325,17.610806695179036,3.619260764698746,1.2321931528242433e-07,0.6871695686589209,4.5583086499124414,4.5583086499124414,1.32586211812157e-07,2.9206634162211484e-07,13.052498045266647,0.3226526649982086,0,0,0.8571428571428571,0.0,0.0,1,,0.632139874257458,PASS,,True
87dc5db673bd5b2b,2021.09.16.15.12.03_veh-42_01037_01434,0.8571428571428571,True,0.8571428571428571,True,True,8,4.819546696564751,88,9,31.247638982383336,29.367865879911676,5.186780674896734,8.705036980694549e-08,2.009401817395397,10.442571062090158,10.442571062090158,8.143512243913681e-08,3.8780495597753435e-07,18.925294817821555,0.451272098445673,0,0,0.8571428571428571,0.0,0.0,0,,0.1543423159055498,PASS,,True
a5977f7fb4fd5386,2021.09.16.16.20.27_veh-08_02435_02525,0.8571428571428571,True,0.8571428571428571,True,True,8,8.52402104617583,135,27,44.29864919220148,40.13105853088983,6.435234610365855,0.0001314268935549,1.6828905433665604,9.949179317194366,9.949179317194366,1.2464325993951346e-07,1.8676998233783537e-07,30.18187965212769,1.697372493434236,0,0,0.8571428571428571,0.8571428571428571,0.8571428571428571,0,,4.277619765224168,PASS,,True
a6c229d05cdb5016,2021.09.16.15.12.03_veh-42_01037_01434,0.8571428571428571,True,0.8571428571428571,True,True,8,2.829190709010497,66,9,23.84506665569848,22.829483663178635,4.332760683249126,1.107317773873275e-07,1.5968934541130868,8.476133355566157,8.476133355566157,6.024434609619927e-08,2.5332097715915097e-07,14.353350307612494,0.387671605439957,0,0,0.8571428571428571,0.0,0.0,1,,0.4998179164325668,PASS,,True
b31417a335cf5955,2021.09.16.15.12.03_veh-42_01037_01434,0.8571428571428571,True,0.0,True,True,8,6.995465107449115,135,9,38.87257743491684,35.96707648025772,5.98106156604377,0.0001344346958229,0.8750303133069026,6.49065202860018,6.49065202860018,0.0004149709779249,0.0033194451032532,29.47642447332019,0.4761620232845742,0,0,0.8571428571428571,0.0,0.0,0,,0.2698579657573919,PASS,,True
d9fac9fdd2bd5036,2021.09.16.15.12.03_veh-42_01037_01434,0.8571428571428571,True,0.8571428571428571,True,True,8,6.5946465901478994,121,9,37.91854967875029,34.805858621917245,5.847390729991858,0.0001779889715799,1.4774806996422003,8.833618155298987,8.833618155298987,0.0001331544316937,0.0010646570597574,25.97224056944445,0.2752980623831824,0,0,0.8571428571428571,0.0,0.0,0,,0.1791692204111525,PASS,,True
eb9827bfdf925815,2021.09.16.15.12.03_veh-42_01037_01434,0.8571428571428571,True,0.8571428571428571,True,True,8,4.720760095281043,3,7,30.534842999543383,29.052813561832306,5.14695508529165,0.0,14.815844517326866,30.534842999543383,30.534842999543383,156.6579727485876,156.6579727485876,0.0,0.6520662583029845,0,0,0.8571428571428571,0.0,0.0,0,,2.225722411908949,PASS,,True
fe6105aa925d5621,2021.09.16.15.12.03_veh-42_01037_01434,0.8571428571428571,True,0.8571428571428571,True,True,8,3.0067430191693805,17,7,24.634022846325948,23.426645621444592,4.412873296815495,1.778839092254436e-07,8.723083151281644,21.45272681172818,21.45272681172818,4.87344498566146e-08,7.93243568664476e-08,1.973918809716432,0.3468855143217086,0,0,0.8571428571428571,0.8571428571428571,0.8571428571428571,0,,1.632918362414829,PASS,,True
fe746b45992f5a69,2021.09.16.15.12.03_veh-42_01037_01434,0.0,True,0.0,True,True,8,3.805048687680641,11,7,27.352910065618225,26.081363534816347,4.764276515823932,1.477289597191834e-07,11.586688113265035,25.833521230866623,25.833521230866623,8.973831983777633e-08,6.17291441575859e-07,0.2478423039497399,0.5190144245507481,0,0,0.0,0.0,0.0,0,,1.9074295538736443,PASS,,True
0777f5a7263758be,2021.09.16.19.27.01_veh-45_01749_03230,0.0,True,0.8571428571428571,True,True,8,0.3120946102978779,33,8,14.67151293168671,14.187893718094385,3.141770623846763,0.0063569122900358,0.6493224767624249,4.168175187520561,4.168175187520561,4.190896117771487,11.511082584995783,10.02250175520362,2.859071288498921,0,0,0.0,0.0,0.0,0,,2.184049395483524,PASS,,True
09a0456056555b0a,2021.09.16.19.27.01_veh-45_01749_03230,0.8571428571428571,True,0.8571428571428571,True,True,8,2.370647411953473,67,8,21.87904675953728,21.27757682957778,4.122952986545331,0.005266438694287,0.9925078985124688,6.031508049473284,6.031508049473284,0.0114980667431069,0.0619022179680538,15.24615480867176,0.6320519228252593,0,0,0.8571428571428571,0.0,0.0,0,,1.7375881944523686,PASS,,True
1139adeebbbe5d34,2021.09.16.19.27.01_veh-45_01749_03230,0.8571428571428571,True,0.8571428571428571,True,True,8,0.9390836686792082,33,8,17.141475440010144,16.36085846942774,3.445994454477982,0.0079613871505892,1.5050486670604348,7.338020428284025,7.338020428284025,3.6860632209061137,14.935345048301306,9.026568433274992,2.176626791506454,0,0,0.8571428571428571,0.0,0.0,0,,2.2816846392355163,PASS,,True
2360cd7b0fd85480,2021.09.16.19.27.01_veh-45_01749_03230,0.8571428571428571,True,0.8571428571428571,True,True,8,2.0367236648757023,63,8,20.449471328624316,20.13978892575241,3.967761310426743,0.005878609859064,0.924053095279338,5.680093011577825,5.680093011577825,0.0046720010872285,0.0161523392601748,14.459780065291362,0.678821819040448,0,0,0.8571428571428571,0.0,0.0,1,,1.8601982276187168,PASS,,True
396a8c19c4ac58f3,2021.09.16.19.27.01_veh-45_01749_03230,0.8571428571428571,True,0.8571428571428571,True,True,8,0.6501270763558697,33,8,16.02121502518809,15.360035388829004,3.30624399253743,0.0063563593516268,0.7966185866263517,4.839596312816566,4.839596312816566,3.50268443241625,9.636627589835044,10.52432002030928,3.529904526956821,0,0,0.8571428571428571,0.0,0.0,1,,2.104489551228788,PASS,,True
4f50d7c22352505e,2021.09.16.19.27.01_veh-45_01749_03230,0.8571428571428571,True,0.8571428571428571,True,True,8,2.761433144449842,77,9,23.492113920286226,22.60088100510574,4.302016614279981,0.0048012981888755,0.7325495160179681,5.081206338332845,5.081206338332845,0.0084841435188823,0.0613815080222249,17.519814789154935,0.6009080051239168,0,0,0.8571428571428571,0.0,0.0,0,,1.5309593653401712,PASS,,True
54bf100910bc5b10,2021.09.16.19.27.01_veh-45_01749_03230,0.8571428571428571,True,0.8571428571428571,True,True,8,2.0897393247414504,33,8,21.548943085965163,20.32086276034319,3.992526870351503,0.0064285746789511,3.7965480329392354,13.225877487154722,13.225877487154722,0.0187370169943921,0.0529259892784664,7.095030971306812,0.8202816866296363,0,0,0.8571428571428571,0.8571428571428571,0.8571428571428571,0,,2.4957819604657923,PASS,,True
6b7e5348100b5572,2021.09.16.19.27.01_veh-45_01749_03230,0.8571428571428571,True,0.8571428571428571,True,True,8,1.4528793566215144,33,8,19.145106228456523,18.11661335057364,3.692215082439162,0.0084507659839375,2.3904509550011475,9.946619399728606,9.946619399728606,2.5137681376813594,19.975761958961648,8.190967072163895,1.5978959775950017,0,0,0.8571428571428571,0.0,0.0,0,,2.395239771019819,PASS,,True
81e5ddc060675e0b,2021.09.16.19.27.01_veh-45_01749_03230,0.8571428571428571,True,0.8571428571428571,True,True,8,0.6195265519575669,33,8,15.886901167207128,15.249218298648763,3.2913966922019746,0.006428576409043,1.0044894265439446,5.663656027562603,5.663656027562603,3.056825196749466,12.332505030716325,9.594160903568048,2.5844453773686658,0,0,0.8571428571428571,0.0,0.0,0,,2.230026052485274,PASS,,True
bcdaa4a47f925ebb,2021.09.16.19.27.01_veh-45_01749_03230,0.8571428571428571,True,0.8571428571428571,True,True,8,1.681159949329188,59,8,19.215686848399745,18.92215745208454,3.800539809504038,0.0066768675184571,0.8602044187821423,5.341087539185133,5.341087539185133,0.0164218874962764,0.0792026756090183,13.581149342590198,0.6224775373744288,0,0,0.8571428571428571,0.0,0.0,1,,1.9072142873183435,PASS,,True
f72d2f080fe35910,2021.09.16.19.27.01_veh-45_01749_03230,0.8571428571428571,True,0.8571428571428571,True,True,8,2.66262920641307,72,8,22.995335726901835,22.2672489460434,4.257019272318083,0.0039500022655225,0.9448601845236978,5.907950340127824,5.907950340127824,0.0146308903424958,0.0683969875898249,16.35938387559337,0.641133556277519,0,0,0.8571428571428571,0.0,0.0,0,,1.605791724085995,PASS,,True
237b75204e495145,2021.09.16.19.49.00_veh-42_00990_01609,0.0,True,0.8571428571428571,True,True,8,3.789172144099444,19,20,27.636551359458814,26.029100615262237,4.757439784569474,0.0,9.913500350153877,23.899588464722967,23.899588464722967,6.132385084535903e-07,7.841596500498416e-07,2.12951215053926,0.3306245605084413,0,0,0.0,0.0,0.0,0,,15.004298902769383,PASS,,True
71af26e14ba65545,2021.09.16.19.49.00_veh-42_00990_01609,0.8571428571428571,True,0.8571428571428571,True,True,8,5.165961683287152,62,20,28.14964926875496,30.326322326026727,5.324028434005323,0.1824064320021313,5.332945863674271,18.348144560221236,18.348144560221236,0.5400972139492598,2.064261687351914,12.115115191128176,0.6057037777068593,0,0,0.8571428571428571,0.8571428571428571,0.8571428571428571,0,,92.70825742108632,PASS,,True
87c6ef5053865368,2021.09.16.19.49.00_veh-42_00990_01609,0.8571428571428571,True,0.8571428571428571,True,True,8,5.626765940831889,71,20,28.65384357533801,31.72478280367588,5.500552811480674,0.1828222689964954,5.045474134654586,18.049601762629223,18.049601762629223,0.3261174357872596,1.6839212649859594,13.846610387667432,0.3154514813025261,0,0,0.8571428571428571,0.8571428571428571,0.8571428571428571,0,,92.70825742108632,PASS,,True
8e7906efc10a5e42,2021.09.16.19.49.00_veh-42_00990_01609,0.8571428571428571,True,0.8571428571428571,True,True,8,3.626799060619604,26,20,26.763387750289557,25.49137809136643,4.687142083445106,0.0455627839706871,8.140941732943492,21.43706758110208,21.43706758110208,0.0137883873891587,0.1102991266507356,4.056199020085164,0.4265165143946413,0,0,0.8571428571428571,0.8571428571428571,0.8571428571428571,0,,30.88170539068632,PASS,,True
e2ae05340dba502d,2021.09.16.19.49.00_veh-42_00990_01609,0.8571428571428571,True,0.8571428571428571,True,True,8,6.255968501250936,83,20,28.782090104468367,33.588588028205265,5.72983313158062,0.1841620993085613,4.3913676004305,17.102659856245786,17.102659856245786,0.55867309343868,2.039343867919657,16.70144310497768,0.4809647010555753,0,0,0.8571428571428571,0.8571428571428571,0.8571428571428571,0,,92.8885211374498,PASS,,True
faa12c2adc7c521f,2021.09.16.19.49.00_veh-42_00990_01609,0.8571428571428571,True,0.8571428571428571,True,True,8,6.845846309985702,95,20,29.446359492259614,35.31865478725363,5.93186272072026,0.1847824011652586,3.8999978200604697,16.247984965959002,16.247984965959002,0.4076843380598587,1.8849004797611744,19.288796137947443,0.3583330648824033,0,0,0.8571428571428571,0.8571428571428571,0.8571428571428571,0,,92.77176493326822,PASS,,True
0ee2bbd11d4451c3,2021.09.29.15.23.04_veh-28_00814_01101,0.8571428571428571,True,0.8571428571428571,True,True,8,3.988631355513483,19,30,27.663026102646825,26.683951744840837,4.842860240406707,0.0046164128558794,9.715805344964885,23.94548957004064,23.94548957004064,0.0021443085758229,0.0171530022632708,2.738482607784584,1.0561449060864607,0,0,0.8571428571428571,0.25,0.25,1,,7.2205547621683905,PASS,,True
455f894b6e3b58ab,2021.09.29.15.23.04_veh-28_00814_01101,0.8571428571428571,True,0.8571428571428571,True,True,8,3.847967119074012,11,30,27.033409290730493,26.222526527312876,4.7827275088118615,0.0016020733666713,10.978541018885371,25.197139528462596,25.197139528462596,0.0008534694891649,0.0068252385492748,1.025389850908588,1.2729706940336307,0,0,0.8571428571428571,0.0,0.0,0,,9.383750654246557,PASS,,True
59504d2ffda35a72,2021.09.29.15.23.04_veh-28_00814_01101,0.8571428571428571,True,0.0,True,True,8,3.896646003894995,35,30,27.471189119015783,26.38238176410537,4.803594103925121,0.0048841523485687,6.8177988737604736,19.84843582414784,19.84843582414784,0.0085922320381568,0.0584739885219052,6.5339953855519575,0.8058323204461314,0,0,0.8571428571428571,0.25,0.25,0,,3.815010987394352,PASS,,True
936c2cf5b8345663,2021.09.29.15.23.04_veh-28_00814_01101,0.8571428571428571,True,0.8571428571428571,True,True,8,3.71398965879332,42,30,27.0132928711708,25.781230259305048,4.724974533718651,0.0048841519518539,5.467634485936324,17.524772541393958,17.524772541393958,0.0107489457636515,0.0408309009760517,8.256520844842331,0.6873281104543137,0,0,0.8571428571428571,0.25,0.25,0,,2.700194296490176,PASS,,True
a28e9a19b6a05733,2021.09.29.15.23.04_veh-28_00814_01101,0.8571428571428571,True,0.4285714285714285,True,True,8,4.087369456207544,27,30,28.16683443536036,27.00669442105574,4.884752758387537,0.0048841436109034,8.539897612306207,22.48801556930352,22.48801556930352,0.0034878567389949,0.0192083458870741,4.518712346089716,0.8855511445628104,0,0,0.8571428571428571,0.25,0.25,0,,5.420729946504016,PASS,,True
c056dcf1096258a4,2021.09.29.15.23.04_veh-28_00814_01101,0.8571428571428571,True,0.8571428571428571,True,True,8,3.70259944471775,49,30,27.10282008155953,25.74363318876622,4.720042561313721,0.0048841622669286,4.526305887394244,15.798599022956134,15.798599022956134,0.0166277735984062,0.0564364195971448,9.945106421024796,0.6202358851676637,0,0,0.8571428571428571,0.25,0.25,0,,2.0453795750306965,PASS,,True
e90d6c211deb5f05,2021.09.29.15.23.04_veh-28_00814_01101,0.8571428571428571,True,0.8571428571428571,True,True,8,3.594621925801121,54,30,27.276434643571196,25.386707307570838,4.6731332636159735,0.0048841597685944,3.726278449109928,14.1263492127004,14.1263492127004,0.0138006159589001,0.0689101760456721,11.26045306976674,0.6317492635388879,0,0,0.8571428571428571,0.25,0.25,0,,1.8055653870340505,PASS,,True
72781f1cbd405769,2021.10.06.08.16.17_veh-52_00181_00574,0.8571428571428571,True,0.8571428571428571,True,True,8,1.1357613783040257,13,34,17.031800519299896,17.04323935236196,3.5406130544265237,0.087929474397702,5.524129755197596,14.997028040943745,14.997028040943745,0.1641974325757238,1.1154764374764734,2.0472907730803898,0.4713342057306839,0,0,0.8571428571428571,0.0,0.0,0,,12.005687999027325,PASS,,True
79e582695923514a,2021.10.06.08.16.17_veh-52_00181_00574,0.8571428571428571,True,0.8571428571428571,True,True,8,2.176827603117795,3,34,17.936626458444795,19.39023063076644,4.033105054441493,0.1061519397592354,6.811164594428816,17.936626458444795,17.936626458444795,172.78274935013397,176.02881628325468,-1.4632474937844877,2.082723248076681,0,0,0.8571428571428571,0.0,0.0,0,,12.47259138348078,PASS,,True
b868adf3ec2e56a5,2021.10.06.08.16.17_veh-52_00181_00574,0.8571428571428571,True,0.8571428571428571,True,True,8,2.029186957797006,3,34,19.41642477318714,20.1141244784232,3.964236911456734,0.0,8.166462942968954,19.41642477318714,19.41642477318714,174.50357117055106,174.50357117055106,-0.7043467938194315,1.0461180177790372,0,0,0.8571428571428571,0.0,0.0,0,,10.077136108922405,PASS,,True
c4e83619721455b0,2021.10.06.08.16.17_veh-52_00181_00574,0.8571428571428571,True,0.8571428571428571,True,True,8,1.308998047406521,10,34,18.013015658766452,17.64131687089565,3.623584074462209,0.0588425780152845,6.585155360137946,16.567689526710552,16.567689526710552,0.1224444003996853,0.9795534084166588,1.0743058809245911,0.334943149194909,0,0,0.8571428571428571,0.0,0.0,0,,9.624906807819285,PASS,,True
da9ee145e2b05480,2021.10.06.08.16.17_veh-52_00181_00574,0.8571428571428571,True,0.8571428571428571,True,True,8,1.7955494337903666,4,34,19.884354757096634,19.3145980691376,3.854545183123135,0.0,8.938136938795143,19.884354757096634,19.884354757096634,176.3063599487833,176.3063599487833,0.0,0.3518354777680679,0,0,0.8571428571428571,0.0,0.0,0,,8.895597905377969,PASS,,True
ea7d8f38a0a05149,2021.10.06.08.16.17_veh-52_00181_00574,0.8571428571428571,True,0.8571428571428571,True,True,8,1.530419559135547,7,34,18.97801169589504,18.404334094453823,3.729089204809109,0.0046972376576885,7.76094872554591,18.234885877270507,18.234885877270507,0.0336469122203493,0.2691736082365252,0.1694576812256223,0.29077170677646,0,0,0.8571428571428571,0.0,0.0,0,,8.896276756351362,PASS,,True
d1e6f085af9b5199,2021.10.06.08.16.17_veh-52_01949_02501,0.0,True,0.8571428571428571,True,True,8,3.1596053177571832,87,4,25.13128855381345,23.938742338271823,4.481307681885427,0.0125867901302863,0.5514639887141123,4.411711398427844,4.411711398427844,0.0190121903293771,0.103933451432027,19.52723451792286,0.3872794079621301,0,0,0.0,0.8571428571428571,0.8571428571428571,0,,12.415489315874591,PASS,,True
de664d2cb249576d,2021.10.06.08.16.17_veh-52_01949_02501,0.8571428571428571,True,0.8571428571428571,True,True,8,3.2775485215639724,81,4,25.491170677443645,24.332906696955625,4.533752699199105,0.0125868148375256,1.0137021111827167,6.321684656968263,6.321684656968263,0.027166805055278,0.1576956047842389,18.011321986635668,0.4302213650886131,0,0,0.8571428571428571,0.8571428571428571,0.8571428571428571,0,,8.579204449391622,PASS,,True
